,Date,Total,Fox News,Breitbart,MSNBC,NBC News,CBS News,CNN,NPR,New York Post,USA Today,Los Angeles Times,ABC News,Reuters,Yahoo News,The New York Times,HuffPost,POLITICO
0,2020-01-22,0.0,,,,,,,,,0.0,,,,,,,
1,2020-01-23,0.16666666666666666,,,,0.16279069767441862,,,,,0.16853932584269662,,,,,,,
2,2020-01-24,0.13526570048309178,,,,0.15294117647058825,,,,,0.05405405405405406,,,,,,,
3,2020-01-25,0.13071895424836602,,,,0.1292517006802721,,,,,0.16666666666666666,,,,,,,
4,2020-01-26,0.13087248322147652,,,,0.13310580204778158,,,,,0.0,,,,,,,
5,2020-01-27,0.13702623906705538,,,,0.13656387665198239,,,,,0.2,,,,,,,
6,2020-01-28,0.13347022587268995,,0.18181818181818182,,0.1341991341991342,,,,,0.07142857142857142,,,,,,,
7,2020-01-29,0.15600624024961,,0.2,,0.1574539363484087,,,,,0.10810810810810811,,,,0.5,,,
8,2020-01-30,0.1547085201793722,,,,0.15128205128205127,,,,,0.17857142857142858,,,,,,,
9,2020-01-31,0.13253012048192772,0.125,,,0.14042553191489363,,,,,0.1,,,,,,,
10,2020-02-01,0.1143131604226705,0.1318181818181818,,0.08585858585858586,0.13270142180094788,,,,,0.0,,,,,,,
11,2020-02-02,0.11584327086882454,0.3157894736842105,,0.0728476821192053,0.15151515151515152,,,,,0.0,,,,,,,
12,2020-02-03,0.0858974358974359,0.5,,0.12,0.15178571428571427,,,,,0.0698051948051948,,,,,,,
13,2020-02-04,0.15271966527196654,0.0,,0.07692307692307693,0.17518248175182483,,,,,0.12669683257918551,,,,,0.2111111111111111,,
14,2020-02-05,0.1820388349514563,,,0.0,0.17687074829931973,,,,,0.1188118811881188,,,,,0.22839506172839505,,
15,2020-02-06,0.1478494623655914,,,0.0,0.1715686274509804,,,,0.11764705882352941,0.09782608695652174,,,,0.3333333333333333,0.16,,
16,2020-02-07,0.12280701754385964,0.5,,0.0,0.1464968152866242,,,,0.06666666666666667,0.02631578947368421,,,,,0.14285714285714285,,
17,2020-02-08,0.06435643564356436,,,0.08823529411764706,0.052083333333333336,,,,0.0,0.03333333333333333,,,,,0.25,,
18,2020-02-09,0.12839059674502712,0.0,,0.08771929824561403,0.13094462540716612,,,,0.0,0.08928571428571429,,,,,0.3333333333333333,,
19,2020-02-10,0.10746426680783483,,,0.11428571428571428,0.13664596273291926,,,,0.0,0.07491486946651532,,,,,0.16666666666666666,,
20,2020-02-11,0.0989010989010989,,,0.0,0.11400651465798045,0.07602339181286549,,,0.3333333333333333,0.09313725490196079,,,,,0.0,,
21,2020-02-12,0.1298932384341637,,,1.0,0.165,0.0875,,,0.0,0.1282051282051282,,,,,,,
22,2020-02-13,0.08545034642032333,,,0.0,0.06770833333333333,0.10982658959537572,,,0.0,0.07407407407407407,,0.5,,,0.0,,
23,2020-02-14,0.1282051282051282,,,0.25,0.14705882352941177,0.13580246913580246,,,0.0,0.034482758620689655,,0.16666666666666666,,,0.5,,
24,2020-02-15,0.08163265306122448,,,,0.08080808080808081,0.06666666666666667,,,0.0,0.13333333333333333,,,,,0.0,,
25,2020-02-16,0.11458333333333333,,,,0.13725490196078433,0.0,,,,0.15,,0.0,,,0.5,,
26,2020-02-17,0.07675438596491228,,,,0.10810810810810811,0.05555555555555555,,,,0.0,0.058823529411764705,0.0,,,,,
27,2020-02-18,0.0380952380952381,,,0.0,0.04424778761061947,0.0,,,,0.0,0.03529411764705882,,,,0.0,,
28,2020-02-19,0.14893617021276595,,,0.0,0.1724137931034483,0.125,,,,0.3333333333333333,0.0,0.0,,,,,
29,2020-02-20,0.11538461538461539,,,,0.08333333333333333,0.0,,,,0.3333333333333333,,,,0.0,0.0,,
30,2020-02-21,0.07692307692307693,,,,0.1,0.0,,,,0.0,,0.0,,0.0,0.0,,
31,2020-02-22,0.16,,,,0.3333333333333333,0.0,,,0.0,0.125,,,,0.0,0.0,,
32,2020-02-23,0.041666666666666664,,,,0.07692307692307693,0.0,,,,0.0,0.0,,,,,,
33,2020-02-24,0.16,0.0,,,0.23529411764705882,0.0,,,,0.0,,,,,,,
34,2020-02-25,0.10251665433012583,0.07857911733046287,0.0975609756097561,,0.1111111111111111,0.07083333333333333,,,0.0,0.14285714285714285,,,,,0.20270270270270271,,
35,2020-02-26,0.08119970738844184,0.0705073086844368,0.0625,,0.06666666666666667,0.09554140127388536,,,,0.3333333333333333,,,,,0.19095477386934673,,
36,2020-02-27,0.07683741648106904,0.05555555555555555,0.09259259259259259,,0.12895927601809956,0.03164556962025317,,,,0.05555555555555555,,,,,0.23529411764705882,0.0,
37,2020-02-28,0.05695611577964519,0.0658682634730539,0.0,,0.09271523178807947,0.039285714285714285,,,0.06666666666666667,0.05405405405405406,,,,,0.109375,,
38,2020-02-29,0.04369490226140284,0.03244495944380069,,,0.07936507936507936,0.049079754601226995,,,0.0,0.06159420289855073,,,,,0.22641509433962265,,
39,2020-03-01,0.05176613885505481,0.045871559633027525,,,0.04504504504504504,0.024691358024691357,,,,0.08860759493670886,,,,,0.1746031746031746,,
40,2020-03-02,0.05182072829131653,0.031026252983293555,0.1111111111111111,0.021834061135371178,0.058419243986254296,0.04416403785488959,,,0.0,0.0,,,,,0.17391304347826086,,
41,2020-03-03,0.06684141546526867,0.046153846153846156,0.08333333333333333,0.03571428571428571,0.026490066225165563,0.03,,,0.0,0.125,,,,0.0,0.17801047120418848,,
42,2020-03-04,0.04090623033354311,0.0,0.0,0.0,0.05236907730673317,0.045454545454545456,,,0.0625,0.0,0.017204301075268817,,,0.0,0.16339869281045752,,
43,2020-03-05,0.04434589800443459,0.034571062740076826,,0.03225806451612903,0.021660649819494584,0.08823529411764706,,,,0.0,0.0,,,0.0,0.17692307692307693,,
44,2020-03-06,0.04570722668313774,0.04176904176904177,0.025,0.02100840336134454,0.040927694406548434,0.08333333333333333,,,0.0,0.0,0.041666666666666664,,,,0.14285714285714285,,
45,2020-03-07,0.04129793510324484,0.03571428571428571,0.14285714285714285,0.07692307692307693,0.03803131991051454,0.05263157894736842,,,,0.0,0.0111731843575419,0.017094017094017096,,,0.17333333333333334,,
46,2020-03-08,0.0430780559646539,0.024880382775119617,,0.0,0.040382571732199786,0.06583072100313479,,,,0.0,0.0,0.01953125,,0.0,0.21774193548387097,,
47,2020-03-09,0.03614457831325301,0.03783783783783784,0.0,0.0,0.049891540130151846,0.017082785808147174,,,0.030252100840336135,0.0,0.07142857142857142,0.030303030303030304,,0.0,0.1891891891891892,,
48,2020-03-10,0.08128997867803837,0.0954225352112676,0.01282051282051282,0.0,0.02348993288590604,0.02491103202846975,,,0.02631578947368421,0.1,0.020833333333333332,0.018867924528301886,0.06666666666666667,0.0,0.18309859154929578,,
49,2020-03-11,0.04280953601640605,0.037335049887351146,0.01818181818181818,0.02702702702702703,0.03289473684210526,0.056818181818181816,,,0.08333333333333333,0.15625,0.04878048780487805,0.0,0.14285714285714285,0.0,0.23376623376623376,,
50,2020-03-12,0.041109969167523124,0.047429254683140694,0.011904761904761904,0.03245686113393591,0.06580016246953696,0.03488372093023256,,,0.0,0.022044088176352707,0.03466557911908646,0.0,0.08333333333333333,0.0,0.15841584158415842,,0.017241379310344827
51,2020-03-13,0.03918145669673165,0.033862056674389594,0.018779342723004695,0.04017857142857143,0.05646359583952452,0.028985507246376812,,,0.029411764705882353,0.010416666666666666,0.03592814371257485,0.029343629343629343,0.0,0.0,0.1407035175879397,0.0,0.02
52,2020-03-14,0.09501557632398754,0.12525797745673917,0.058823529411764705,0.05132743362831858,0.04750778816199377,0.013986013986013986,,,0.0,0.013745704467353952,0.019417475728155338,0.0,0.0,0.0,0.1388888888888889,0.0,0.0
53,2020-03-15,0.07209136331192005,0.15162454873646208,0.0,0.03773584905660377,0.06986027944111776,0.05405405405405406,,,0.0,0.06440677966101695,0.013513513513513514,0.014682747771368642,0.0,0.0,0.19767441860465115,0.0,0.0
54,2020-03-16,0.04152945481156239,0.07402597402597402,0.043010752688172046,0.1111111111111111,0.06564245810055866,0.02631578947368421,,,0.0,0.02981651376146789,0.007936507936507936,0.012297734627831715,0.0,0.125,0.16296296296296298,0.0,0.009174311926605505
55,2020-03-17,0.09073679222932954,0.10744985673352435,0.145985401459854,0.023404255319148935,0.09421265141318977,0.08163265306122448,,,0.0,0.04081632653061224,0.00784313725490196,0.024390243902439025,0.0,0.0,0.10588235294117647,0.0,0.1
56,2020-03-18,0.13566790352504637,0.15469678953626634,0.06382978723404255,0.045167118337850046,0.07841552142279709,0.10344827586206896,,,0.0,0.09523809523809523,0.16015625,0.11570247933884298,0.5,0.0,0.15151515151515152,0.16666666666666666,0.10638297872340426
57,2020-03-19,0.10462424128652775,0.17608861726508784,0.1,0.19205553413035095,0.07160194174757281,0.0035635499745460715,,,0.0,0.11587982832618025,0.1061269146608315,0.09751875360646278,0.0,,0.32077393075356414,0.24193548387096775,0.08771929824561403
58,2020-03-20,0.102940114137109,0.14297286350749291,0.03773584905660377,0.11830261465923704,0.05731225296442688,0.006535947712418301,,,0.0,0.0955585464333782,0.03470031545741325,0.044350580781414996,,0.0,0.3157051282051282,0.19047619047619047,0.0
59,2020-03-21,0.09099511118120171,0.13946731234866827,0.22641509433962265,0.05325443786982249,0.0665163472378805,0.011135857461024499,,,0.0,0.05871886120996441,0.07563025210084033,0.07772020725388601,0.0,0.0,0.31333333333333335,0.3333333333333333,0.015723270440251572
60,2020-03-22,0.06298694173159224,0.062447786131996655,0.058823529411764705,0.035343035343035345,0.0718954248366013,0.006024096385542169,,,0.0,0.0625,0.03819444444444445,0.04929577464788732,0.2,0.0,0.11059190031152648,0.2222222222222222,0.020833333333333332
61,2020-03-23,0.05301956336830167,0.04618614415675298,0.014336917562724014,0.055357142857142855,0.06569343065693431,0.017316017316017316,,,0.0,0.014492753623188406,0.052742616033755275,0.039473684210526314,0.0,0.0,0.08153973509933775,0.0,0.010638297872340425
62,2020-03-24,0.04628943860168864,0.034053586862575626,0.026252983293556086,0.02210587550901687,0.11576626240352811,0.007142857142857143,,,0.0,0.0,0.038560411311053984,0.020718232044198894,,0.0,0.08874546187979024,0.0,0.03511705685618729
63,2020-03-25,0.044436709595080635,0.029221691486372575,0.0136986301369863,0.04126984126984127,0.07859078590785908,0.01639344262295082,,,0.0,0.013392857142857142,0.06790123456790123,0.03581267217630854,0.0,0.0,0.07177033492822966,0.018691588785046728,0.018726591760299626
64,2020-03-26,0.036803999310463714,0.03137170056252704,0.009708737864077669,0.022147849197755684,0.0744466800804829,0.02109704641350211,,,0.0,0.016025641025641024,0.1125,0.0749395648670427,,0.0,0.05667463298053943,0.02857142857142857,0.03571428571428571
65,2020-03-27,0.05025098793121863,0.1077023498694517,0.12,0.02372693214929929,0.13141025641025642,0.02054794520547945,,,0.02857142857142857,0.04669260700389105,0.075,0.03468208092485549,0.0,0.0,0.053549190535491904,0.0,0.047619047619047616
66,2020-03-28,0.06903914590747331,0.1079653806659821,0.011627906976744186,0.02337452982267598,0.07203389830508475,0.018691588785046728,,,0.0,0.0582010582010582,0.019230769230769232,0.055891238670694864,0.014492753623188406,0.0,0.05144291091593475,0.0,0.011428571428571429
67,2020-03-29,0.054880127258266104,0.07749627421758569,0.030303030303030304,0.02515463917525773,0.10043668122270742,0.00980392156862745,,,0.0,0.07142857142857142,0.02564102564102564,0.043689320388349516,0.04,0.0,0.05414803775459513,0.0,0.03636363636363636
68,2020-03-30,0.03828906519489479,0.0777922642329422,0.048458149779735685,0.012706969580284944,0.040268456375838924,0.0,0.014508928571428572,,0.0,0.06971153846153846,0.04,0.09398496240601503,0.25,,0.0627831715210356,0.0,0.0
69,2020-03-31,0.0336968180193064,0.06746463547334058,0.020833333333333332,0.020702070207020702,0.04567699836867863,0.016100178890876567,0.01904761904761905,,0.0,0.038461538461538464,0.020089285714285716,0.0572289156626506,0.0,0.0,0.061371841155234655,0.0,0.1
70,2020-04-01,0.044391640114489386,0.05245588936576061,0.02608695652173913,0.025633441782510105,0.0453920220082531,0.007228915662650603,0.09373202990224266,,0.05555555555555555,0.03529411764705882,0.02142857142857143,0.05818965517241379,0.0,,0.06786703601108034,0.0,0.041666666666666664
71,2020-04-02,0.037883203170532696,0.03929740994343554,0.009433962264150943,0.03492957746478873,0.037463976945244955,0.010189228529839884,0.04191694959519457,,0.0,0.03594771241830065,0.007142857142857143,0.03919933277731443,0.5,0.0,0.06944444444444445,0.0,0.03317535545023697
72,2020-04-03,0.042276538297569985,0.049281314168377825,0.024390243902439025,0.02190580503833516,0.04608454608454608,0.03307737743650325,0.04032258064516129,,0.0,0.030183727034120734,0.015810276679841896,0.05976095617529881,0.0,0.0,0.050793650793650794,0.0,0.0
73,2020-04-04,0.03617869127516778,0.03749448610498456,0.014084507042253521,0.016417189763399325,0.05157593123209169,0.03563129357087529,0.0403530895334174,,0.0,0.06299212598425197,0.0078125,0.05924170616113744,0.0,,0.08333333333333333,0.0,0.043478260869565216
74,2020-04-05,0.07274045432576123,0.14973821989528796,0.019157088122605363,0.03128371089536138,0.027972027972027972,0.02564102564102564,0.03671071953010279,,0.0,0.023809523809523808,0.008928571428571428,0.02854006586169045,0.0,0.0,0.08300395256916997,0.2,0.0
75,2020-04-06,0.04128105211885046,0.06055363321799308,0.02097902097902098,0.03127766302744173,0.07462686567164178,0.02097902097902098,0.03184713375796178,,0.0,0.04032258064516129,0.03896103896103896,0.04555808656036447,0.0,0.0,0.0486322188449848,0.0,0.0
76,2020-04-07,0.06734861494810722,0.14596700274977084,0.0,0.03143712574850299,0.10397553516819572,0.01854714064914992,0.009093205354887599,,,0.038348082595870206,0.0297029702970297,0.03532277710109622,,0.0,0.03535353535353535,0.0,0.0
77,2020-04-08,0.040228878379167395,0.06610407876230662,0.0,0.024475524475524476,0.04743465634075508,0.008333333333333333,0.015625,,0.0,0.03,0.02097902097902098,0.023423423423423424,0.06666666666666667,0.0,0.06857142857142857,0.0,0.0
78,2020-04-09,0.0399216490998974,0.05089192025183631,0.025362318840579712,0.02933188484519283,0.06745783885071831,0.03368421052631579,0.02421214450422752,,0.0,0.02617801047120419,0.008333333333333333,0.054514480408858604,0.0,0.0,0.0781758957654723,0.07407407407407407,0.0
79,2020-04-10,0.039345620211223856,0.05110981308411215,0.024,0.026813880126182965,0.03634361233480176,0.03081232492997199,0.024701873935264053,,0.0,0.0391566265060241,0.011881188118811881,0.050865800865800864,0.05405405405405406,0.0,0.08762886597938144,0.03333333333333333,0.023715415019762844
80,2020-04-11,0.02691337258200168,0.037437005039596835,0.03,0.020122973728339856,0.03559322033898305,0.011320754716981131,0.018032786885245903,,,0.023255813953488372,0.0,0.014647137150466045,0.0,0.0,0.09289617486338798,0.10526315789473684,0.0
81,2020-04-12,0.0435085276714236,0.04796747967479675,0.017543859649122806,0.054773082942097026,0.028629856850715747,0.026845637583892617,0.01873536299765808,,0.0,0.04918032786885246,0.017857142857142856,0.02643171806167401,0.0,0.0,0.15135135135135136,0.0,0.0
82,2020-04-13,0.035134037367993504,0.06055900621118013,0.0,0.02026221692491061,0.039525691699604744,0.013986013986013986,0.012618296529968454,,0.0,0.0,0.0,0.07040417209908735,0.019851116625310174,0.0,0.051771117166212535,0.0,0.0
83,2020-04-14,0.03139332084490666,0.03755656108597285,0.03153988868274583,0.02357320099255583,0.02901178603807797,0.012257405515832482,0.006289308176100629,,0.0,0.006772009029345372,0.011843079200592153,0.06751054852320675,0.0963855421686747,0.5,0.045501551189245086,0.0,0.047619047619047616
84,2020-04-15,0.036657559198542806,0.056292906178489706,0.04926108374384237,0.026602176541717048,0.03580901856763926,0.008595988538681949,0.008816705336426913,,,0.03686635944700461,0.0213903743315508,0.07509881422924901,0.24050632911392406,,0.05363321799307959,0.16666666666666666,0.05
85,2020-04-16,0.10881582775676463,0.12625643540083353,0.010101010101010102,0.019801980198019802,0.07446808510638298,0.013232514177693762,0.01092896174863388,,0.0,0.041666666666666664,0.004739336492890996,0.02414113277623027,0.3173531397704254,0.2,0.08064516129032258,,0.0
86,2020-04-17,0.11522665633475397,0.07821782178217822,0.0,0.013927576601671309,0.037783375314861464,0.02247191011235955,0.1722473604826546,,0.19072164948453607,0.033950617283950615,0.05442176870748299,0.014652014652014652,0.2920029347028613,0.14285714285714285,0.05791505791505792,0.0,0.0
87,2020-04-18,0.09988464409309901,0.1551213735938425,0.15625,0.022516082916368835,0.03690987124463519,0.0136986301369863,0.18833535844471447,,0.1347273689782954,0.03343465045592705,0.0625,0.10834132310642378,0.2830188679245283,0.0,0.020210896309314587,0.0,0.0
88,2020-04-19,0.04885779866652093,0.1564102564102564,0.11895910780669144,0.019271948608137045,0.03782668500687758,0.015965166908563134,0.13725490196078433,,0.007535795026375283,0.04716981132075472,0.054878048780487805,0.13930348258706468,0.10526315789473684,0.16666666666666666,0.047619047619047616,,0.0
89,2020-04-20,0.046818416968442834,0.10105580693815988,0.176,0.014537902388369679,0.02965599051008304,0.033860045146726865,0.06333973128598848,,0.10909090909090909,0.024875621890547265,0.03773584905660377,0.11960132890365449,0.037037037037037035,0.0,0.05084745762711865,0.0,0.02433206106870229
90,2020-04-21,0.026366559485530548,0.019859530152579317,0.18181818181818182,0.02564102564102564,0.030389363722697058,0.024271844660194174,0.03490136570561457,,0.03529411764705882,0.029465930018416207,0.022222222222222223,0.025925925925925925,0.05128205128205128,0.5,0.060085836909871244,0.0,0.04225352112676056
91,2020-04-22,0.06813588682513713,0.1036227301472581,0.0,0.013585351447135264,0.021372328458942633,0.013824884792626729,0.026169706582077717,,0.02586206896551724,0.047244094488188976,0.02118270079435128,0.05721716514954486,0.06451612903225806,0.0,0.047619047619047616,0.0,0.05263157894736842
92,2020-04-23,0.037674178565284704,0.055248618784530384,0.01639344262295082,0.011723329425556858,0.012958963282937365,0.024844720496894408,0.07608695652173914,,0.06779661016949153,0.03498542274052478,0.010526315789473684,0.06578947368421052,0.015552099533437015,0.0,0.03968253968253968,0.0,0.0
93,2020-04-24,0.019589618931865303,0.01891891891891892,0.0,0.015195179460309143,0.011984021304926764,0.008547008547008548,0.06422018348623854,,0.042105263157894736,0.02464788732394366,0.009615384615384616,0.06265664160401002,0.017811704834605598,0.0,0.06077348066298342,0.0,0.05555555555555555
94,2020-04-25,0.021222176137149176,0.03138373751783167,0.0,0.01871345029239766,0.0410958904109589,0.015053763440860216,0.03571428571428571,,0.03125,0.017467248908296942,0.0,0.025510204081632654,0.016589166771396255,,0.03571428571428571,0.0,0.0
95,2020-04-26,0.031602373887240354,0.024154589371980676,0.0,0.04965753424657534,0.029970029970029972,0.019867549668874173,0.025985663082437275,,0.03508771929824561,0.05813953488372093,0.0,0.05026929982046679,0.031133250311332503,0.0,0.053475935828877004,0.0,0.0273972602739726
96,2020-04-27,0.018963337547408345,0.0219661505221462,0.0,0.032171581769437,0.023622047244094488,0.013605442176870748,0.011796326713453785,,0.043478260869565216,0.014234875444839857,0.1346153846153846,0.056790123456790124,0.03816793893129771,,0.06951871657754011,0.0,0.030303030303030304
97,2020-04-28,0.018291589455436668,0.017934002869440458,0.0,0.045845272206303724,0.013529411764705882,0.022935779816513763,0.015470928255695342,0.0,0.0,0.015625,0.20408163265306123,0.03591160220994475,0.022727272727272728,,0.06091370558375635,0.0,0.0196078431372549
98,2020-04-29,0.024168895682078716,0.021012416427889206,,0.04907481898632341,0.012618296529968454,0.03382789317507418,0.013157894736842105,0.0,0.0,0.03414634146341464,0.05714285714285714,0.037037037037037035,0.18478260869565216,,0.03205128205128205,0.0,0.0
99,2020-04-30,0.060887846688768496,0.028965517241379312,,0.02731512325116589,0.0254841997961264,0.177731673582296,0.03068181818181818,,0.0,0.022556390977443608,0.013806706114398421,0.045112781954887216,0.009101251422070534,,0.042735042735042736,0.0,0.0
100,2020-05-01,0.03146633102580239,0.03508771929824561,1.0,0.025269807844169517,0.07051282051282051,0.07481296758104738,0.03741496598639456,0.0,0.0,0.006993006993006993,0.012950971322849213,0.021739130434782608,0.04225352112676056,,0.03875968992248062,0.0,
101,2020-05-02,0.03501320169900126,0.022274325908558032,0.0136986301369863,0.04993946731234867,0.020833333333333332,0.08095238095238096,0.01818181818181818,0.0,0.2,0.02127659574468085,0.010378057820607857,0.049910873440285206,0.06060606060606061,,0.11494252873563218,0.0,0.0
102,2020-05-03,0.03369639210347175,0.012110726643598616,0.0,0.033580462276493674,0.05504587155963303,0.1393188854489164,0.030864197530864196,,0.0,0.05263157894736842,0.010451306413301662,0.04507042253521127,0.0,,0.06796116504854369,0.0,0.0
103,2020-05-04,0.059328828312908026,0.0553925165077036,0.0,0.030165912518853696,0.04929577464788732,0.1355475763016158,0.007532122286220647,,0.0,0.022222222222222223,0.004,0.0457516339869281,0.06666666666666667,0.0,0.03896103896103896,0.0,0.0
104,2020-05-05,0.03618780221494307,0.03958614484930274,0.03636363636363636,0.027158774373259052,0.017857142857142856,0.03545051698670606,0.04671115347950429,0.2,0.0,0.02631578947368421,0.0,0.01652892561983471,0.0660377358490566,0.0,0.043668122270742356,0.1,0.0
105,2020-05-06,0.07984112831320418,0.10287897393914586,0.05454545454545454,0.01834862385321101,0.012626262626262626,0.033444816053511704,0.08582089552238806,,0.0,0.05,0.0,0.05263157894736842,0.03296703296703297,0.0,0.018292682926829267,0.0,0.0
106,2020-05-07,0.041203400915631135,0.05374174614820249,0.1111111111111111,0.017146017699115043,0.02040816326530612,0.017436791630340016,0.08495145631067962,,,0.07894736842105263,0.0625,0.06666666666666667,0.05737704918032787,0.0,0.04819277108433735,0.0,
107,2020-05-08,0.02997275204359673,0.052954292084726864,0.029411764705882353,0.010050251256281407,0.045845272206303724,0.01420903062835491,0.08383233532934131,0.0,,0.0,0.022988505747126436,0.0125,0.019801980198019802,0.0,0.06930693069306931,0.0,0.0
108,2020-05-09,0.014722438728674115,0.03372681281618887,0.05,0.009250693802035153,0.020089285714285716,0.02236198462613557,0.032,0.0,,0.0,0.013192612137203167,0.02531645569620253,0.013422818791946308,0.0,0.06493506493506493,0.0,0.0
109,2020-05-10,0.01857420838492836,0.03044496487119438,,0.012946253432718713,0.0,0.014749262536873156,0.027972027972027972,0.0,0.0,0.023622047244094488,0.044444444444444446,0.009345794392523364,0.029940119760479042,,0.041666666666666664,0.5,0.0
110,2020-05-11,0.02445328031809145,0.04283216783216783,0.0,0.015151515151515152,0.022944550669216062,0.01166489925768823,0.0,0.0,,0.03588907014681892,0.0,0.05660377358490566,0.021621621621621623,0.0,0.05555555555555555,0.0,
111,2020-05-12,0.02031828645781203,0.025349650349650348,0.06060606060606061,0.009809264305177113,0.01020408163265306,0.020637898686679174,0.02330599913681485,0.0,0.14285714285714285,0.024229074889867842,0.005658852061438965,0.033783783783783786,0.031055900621118012,0.0,0.023255813953488372,0.0,0.0
112,2020-05-13,0.03883071553228621,0.10512982900569981,0.017857142857142856,0.012285012285012284,0.009523809523809525,0.021798365122615803,0.026064291920069503,,0.0625,0.02702702702702703,0.00808080808080808,0.011428571428571429,0.017857142857142856,,0.009615384615384616,0.0,0.0
113,2020-05-14,0.019964064683569576,0.07368421052631578,0.02120141342756184,0.0,0.023026315789473683,0.031007751937984496,0.011019283746556474,0.0,0.0,0.044444444444444446,0.008982035928143712,0.02,0.014634146341463415,,0.0,0.0,0.0
114,2020-05-15,0.014756690285178896,0.015367911133383446,0.0,0.021645021645021644,0.031512605042016806,0.025210084033613446,0.017522658610271902,0.0,,0.0,0.004421983575489577,0.005988023952095809,0.006666666666666667,0.0,0.058823529411764705,0.0,0.0
115,2020-05-16,0.014674361088211046,0.020156774916013438,0.0,0.009382329945269743,0.02386634844868735,0.005813953488372093,0.013184584178498986,0.0,0.5,0.014018691588785047,0.0,0.009900990099009901,0.07017543859649122,0.0,0.04878048780487805,0.0,0.015625
116,2020-05-17,0.033003300330033,0.018165304268846504,0.0,0.026881720430107527,0.043478260869565216,0.050880626223091974,0.017361111111111112,,,0.09900990099009901,0.0,0.02040816326530612,0.021739130434782608,0.0,0.1,0.0,0.02040816326530612
117,2020-05-18,0.022307904158633984,0.02192448233861145,0.0,0.02575107296137339,0.023054755043227664,0.030167597765363128,0.01279317697228145,,0.0,0.07407407407407407,0.01675977653631285,0.013888888888888888,0.0,0.0,0.09375,0.0,0.05555555555555555
118,2020-05-19,0.012191991786447639,0.011083123425692695,0.0,0.00458295142071494,0.01639344262295082,0.03977272727272727,0.013636363636363636,0.0,0.011019283746556474,0.0,0.004056795131845842,0.02912621359223301,0.044444444444444446,,0.02086677367576244,0.0,0.0
119,2020-05-20,0.0176462603502104,0.015894039735099338,0.0,0.023887973640856673,0.012789768185451638,0.031007751937984496,0.02586206896551724,,0.0068322981366459624,0.044444444444444446,0.0,0.0,0.0,0.0,0.027237354085603113,,
120,2020-05-21,0.016154363921920576,0.015412511332728921,0.0,0.01540436456996149,0.011235955056179775,0.03862660944206009,0.005917159763313609,,0.0,0.0,0.02857142857142857,0.005970149253731343,0.0,0.0,0.022556390977443608,0.0,
121,2020-05-22,0.012971078001752848,0.008307372793354102,0.0,0.012690355329949238,0.016172506738544475,0.025477707006369428,0.029850746268656716,0.0,0.037037037037037035,0.0,0.07142857142857142,0.005747126436781609,0.0,0.0,0.018367346938775512,,
122,2020-05-23,0.020237712817218118,0.02386117136659436,0.0,0.03248259860788863,0.010958904109589041,0.03571428571428571,0.0,0.09090909090909091,0.0,0.0,0.0,0.017777777777777778,0.009174311926605505,,0.0176,0.0,0.0
123,2020-05-24,0.013916500994035786,0.008964589870013447,0.0,0.016516516516516516,0.013245033112582781,0.01020408163265306,0.04838709677419355,0.3333333333333333,0.0,0.0,0.0,0.02023121387283237,0.04,0.0,0.02702702702702703,0.0,
124,2020-05-25,0.01899495070930512,0.01730624529721595,0.0,0.01807909604519774,0.025,0.020833333333333332,0.022222222222222223,0.0,0.0,0.0,0.0,0.01916376306620209,0.0,0.0,0.027777777777777776,0.0,
125,2020-05-26,0.029005524861878452,0.026490066225165563,0.0,0.01675041876046901,0.0888030888030888,0.024324324324324326,0.0392156862745098,0.2,0.0,0.0,0.03125,0.012096774193548387,0.0,0.0,0.05405405405405406,0.0,0.0
126,2020-05-27,0.03834000421318728,0.015267175572519083,0.0,0.030334728033472803,0.16342412451361868,0.020719073735527116,0.0,0.5,0.0,0.1,0.0,0.0425531914893617,0.14285714285714285,0.0,0.06818181818181818,0.0,0.0
127,2020-05-28,0.027943686006825938,0.022123893805309734,,0.02733485193621868,0.08064516129032258,0.00425531914893617,0.031687995124923825,0.0,0.0,0.0,0.0625,0.021505376344086023,0.0,,0.014925373134328358,0.0,
128,2020-05-29,0.025029797377830752,0.03067484662576687,0.0,0.0,0.0392156862745098,0.017543859649122806,0.028662420382165606,,0.0,0.0,0.125,0.029498525073746312,0.0,0.0,0.061224489795918366,0.0,0.0
129,2020-05-30,0.03594351732991014,0.050505050505050504,0.0,0.049079754601226995,0.0,0.010869565217391304,0.010526315789473684,,,0.16666666666666666,0.0,0.026737967914438502,0.1111111111111111,0.0,0.10714285714285714,0.0,
130,2020-05-31,0.03002309468822171,0.02197802197802198,0.0,0.08571428571428572,0.045454545454545456,0.0,0.0,0.0,0.0,0.0,0.0,0.018018018018018018,0.2,,0.0,0.0,
131,2020-06-01,0.01814254859611231,0.04504504504504504,0.0,0.0,0.013341419041843541,0.021739130434782608,0.025,,0.0,0.0,0.07692307692307693,0.0,0.03643724696356275,,0.03614457831325301,0.0,0.0
132,2020-06-02,0.01262135922330097,0.04285714285714286,0.0,0.0,0.05,0.0,0.0,,0.0,0.0,0.0,0.0,0.025806451612903226,,0.006134969325153374,,
133,2020-06-03,0.014522821576763486,0.043478260869565216,0.0,0.0,0.0,0.02127659574468085,0.0,0.0,,0.0,0.07692307692307693,0.0,0.0,,0.009950248756218905,,0.0
134,2020-06-04,0.010914051841746248,0.01818181818181818,0.0,0.0,0.03125,0.006600660066006601,0.0,0.0,0.0,0.0,0.0,0.00641025641025641,0.0196078431372549,,0.02631578947368421,0.0,
135,2020-06-05,0.01568627450980392,0.0,,0.0,0.0,0.0,0.015384615384615385,0.0,,0.0,0.14285714285714285,0.01282051282051282,0.125,0.0,0.016923076923076923,0.0,
136,2020-06-06,0.02258469259723965,0.06060606060606061,,0.0,0.05263157894736842,0.037037037037037035,0.045454545454545456,,0.0,0.0,0.125,0.029411764705882353,0.0,,0.01841620626151013,,
137,2020-06-07,0.0258751902587519,0.0,,0.0,0.041666666666666664,0.0,0.05555555555555555,,0.0,0.0,0.0,0.008902077151335312,0.045871559633027525,,0.06930693069306931,0.0,
138,2020-06-08,0.042492917847025496,0.06896551724137931,0.0,0.022222222222222223,0.0,0.0,0.034482758620689655,,0.0,0.0,0.0,0.045454545454545456,0.26666666666666666,,0.03333333333333333,0.0,
139,2020-06-09,0.04830917874396135,0.0,,0.006993006993006993,0.0,0.08333333333333333,0.05263157894736842,,0.3333333333333333,0.3333333333333333,0.0,0.08125,0.05,,0.045454545454545456,,
140,2020-06-10,0.02092050209205021,0.05555555555555555,,0.0,0.014285714285714285,0.0,0.0,0.0,0.2,0.0,0.05555555555555555,0.02092050209205021,0.058823529411764705,0.0,0.0,,0.0
141,2020-06-11,0.016824395373291272,0.0625,,0.0,0.01447178002894356,0.0,0.0,,0.3333333333333333,0.0,0.0,0.023622047244094488,0.0,,0.047619047619047616,0.0,
142,2020-06-12,0.01275820170109356,0.0,,0.007048458149779736,0.0,0.013392857142857142,0.047619047619047616,0.0,0.6666666666666666,0.0,0.0,0.04477611940298507,0.0425531914893617,0.0,0.046511627906976744,,
143,2020-06-13,0.013502779984114376,0.0,,0.009547738693467337,0.0,0.017341040462427744,0.02702702702702703,,,0.0,0.0,0.013605442176870748,0.09183673469387756,,0.0,,
144,2020-06-14,0.013585351447135264,0.0,,0.009230769230769232,0.03571428571428571,0.0,0.017369727047146403,0.0,0.0,0.0,0.09090909090909091,0.0,0.014256619144602852,,0.0,1.0,0.0
145,2020-06-15,0.019753086419753086,0.0,,0.006389776357827476,0.0,0.008928571428571428,0.03205128205128205,,0.0,0.0,0.125,0.025974025974025976,0.010040160642570281,,0.048582995951417005,,0.0
146,2020-06-16,0.014275517487508922,0.0,,0.0,0.01060070671378092,0.018867924528301886,0.0,0.0,0.0,0.0,0.0,0.04666666666666667,0.008695652173913044,,0.01567398119122257,0.009615384615384616,
147,2020-06-17,0.04717853839037928,0.0,,0.019230769230769232,0.030470914127423823,0.007142857142857143,0.023809523809523808,,0.3333333333333333,0.0,0.13333333333333333,0.14432989690721648,0.0,,0.07692307692307693,0.022727272727272728,
148,2020-06-18,0.019088016967126194,0.0,,0.01171875,0.05185185185185185,0.012658227848101266,0.07692307692307693,,0.0,0.0,0.009404388714733543,0.05128205128205128,0.0,0.0,0.0,0.0,
149,2020-06-19,0.009259259259259259,0.0,,0.0025188916876574307,0.008818342151675485,0.012987012987012988,0.0,0.0,,0.0,0.00995732574679943,0.029411764705882353,0.0,,0.0,0.0,0.0
150,2020-06-20,0.01279317697228145,0.0,,0.011764705882352941,0.01107011070110701,0.013953488372093023,0.0,,0.0,0.0,0.0,0.08695652173913043,0.0,0.0,0.0,0.0,0.0
151,2020-06-21,0.050737058621871785,0.0,,0.016666666666666666,0.0045871559633027525,0.0,0.07142857142857142,,0.0,0.0,0.052922736492716206,0.043478260869565216,0.04081632653061224,,0.2727272727272727,,
152,2020-06-22,0.03133903133903134,0.058823529411764705,,0.02702702702702703,0.012121212121212121,0.030303030303030304,0.014644351464435146,0.0,,0.25,0.06741573033707865,0.012396694214876033,0.08,0.0,0.09090909090909091,0.0,
153,2020-06-23,0.029686174724342665,0.0,,0.00922509225092251,0.09701492537313433,0.016260162601626018,0.012048192771084338,0.0,0.0,0.16666666666666666,0.06707317073170732,0.02702702702702703,0.0,,0.1,0.0,
154,2020-06-24,0.017291956152539756,0.02996845425867508,,0.010232558139534883,0.016666666666666666,0.018691588785046728,0.013968072976054732,0.0,0.0,0.0,0.04487179487179487,0.0,0.0378619153674833,0.0,0.021739130434782608,0.013333333333333334,
155,2020-06-25,0.01373033014501697,0.009036144578313253,,0.008928571428571428,0.006896551724137931,0.014423076923076924,0.01726689689195856,,,0.0,0.041379310344827586,0.0,0.07692307692307693,0.0,0.02631578947368421,0.02702702702702703,
156,2020-06-26,0.018542901031380295,0.030643072939145446,,0.0142602495543672,0.01060070671378092,0.017543859649122806,0.017345399698340876,,0.0,0.0,0.02287581699346405,0.011546184738955823,0.07368421052631578,0.0,0.09090909090909091,0.017241379310344827,0.0
157,2020-06-27,0.026747450864489434,0.02247191011235955,,0.031494013534617386,0.01910828025477707,0.009478672985781991,0.019417475728155338,,0.0,0.0,0.015384615384615385,0.02027027027027027,0.0,,0.16,0.0,0.0
158,2020-06-28,0.016872160934458143,0.008403361344537815,,0.019169329073482427,0.039473684210526314,0.011428571428571429,0.01282051282051282,,0.0,0.0,0.0196078431372549,0.04060913705583756,0.00819672131147541,0.0,0.058823529411764705,0.0,
159,2020-06-29,0.016736401673640166,0.029411764705882353,,0.020491803278688523,0.02197802197802198,0.014285714285714285,0.013182674199623353,,,0.0,0.03333333333333333,0.02127659574468085,0.02127659574468085,,0.058823529411764705,0.0,
160,2020-06-30,0.020965058236272878,0.020202020202020204,,0.02099737532808399,0.030303030303030304,0.015544041450777202,0.01953125,,0.0,0.0,0.06060606060606061,0.08695652173913043,0.018867924528301886,,0.1111111111111111,0.0,0.0
161,2020-07-01,0.017519466073414907,0.009523809523809525,0.006756756756756757,0.012345679012345678,0.02586206896551724,0.010401188707280832,0.009884678747940691,,0.0,0.061855670103092786,0.01327433628318584,0.05128205128205128,0.011904761904761904,,0.0,0.0,
162,2020-07-02,0.021143847487001734,0.023255813953488372,0.0,0.0064,0.0,0.032577903682719546,0.03322259136212625,,0.0,0.012605042016806723,0.04888888888888889,0.040983606557377046,0.009070294784580499,,0.0,0.0,0.0
163,2020-07-03,0.018167184086466597,0.0,0.0,0.013097776424002438,0.0,0.020166593599298552,0.023453295592397897,,0.0,0.03260869565217391,0.0,0.06521739130434782,0.027777777777777776,,0.0,0.01098901098901099,
164,2020-07-04,0.02027027027027027,0.02631578947368421,0.0,0.012239902080783354,0.0,0.01818181818181818,0.01775147928994083,,0.0,0.0,0.043478260869565216,0.07243816254416961,0.010948905109489052,,0.0,0.0,
165,2020-07-05,0.022584400465657743,0.025,,0.019329896907216496,0.014084507042253521,0.00546448087431694,0.01881331403762663,,0.0,0.0,0.10416666666666667,0.01652892561983471,0.03631961259079903,,0.2,0.0,
166,2020-07-06,0.016339869281045753,0.02483660130718954,,0.009363295880149813,0.0,0.013054830287206266,0.026415094339622643,0.0,0.0,0.014705882352941176,0.019230769230769232,0.004878048780487805,0.011406844106463879,,0.013745704467353952,0.125,
167,2020-07-07,0.018601046308854872,0.005780346820809248,0.0,0.014820592823712949,0.024096385542168676,0.011864406779661017,0.0214190093708166,,0.18181818181818182,0.058823529411764705,0.016877637130801686,0.029411764705882353,0.061224489795918366,,0.020689655172413793,0.00847457627118644,
168,2020-07-08,0.012561441835062807,0.02217741935483871,,0.007119741100323625,0.02564102564102564,0.014322916666666666,0.020026702269692925,0.0,,0.0,0.018518518518518517,0.01639344262295082,0.029411764705882353,,0.10714285714285714,0.0,0.0
169,2020-07-09,0.01751505199781062,0.009302325581395349,,0.008305647840531562,0.012195121951219513,0.022727272727272728,0.03333333333333333,0.5,0.0,0.0,0.13333333333333333,0.046511627906976744,0.025,0.02666666666666667,0.0,0.0,0.0
170,2020-07-10,0.024758454106280192,0.02197802197802198,,0.018957345971563982,0.022321428571428572,0.007246376811594203,0.02865329512893983,0.0,0.0,0.10714285714285714,0.06666666666666667,0.03296703296703297,0.0,0.0,0.030927835051546393,0.0,0.0
171,2020-07-11,0.030375699440447643,0.0,,0.03905858788182273,0.010141987829614604,0.014527845036319613,0.018518518518518517,0.0,0.0,0.0,0.23076923076923078,0.0,0.041666666666666664,0.0,0.037527593818984545,0.3333333333333333,
172,2020-07-12,0.029382219989954796,0.013848396501457727,,0.04660194174757282,0.017964071856287425,0.012145748987854251,0.047747747747747746,,0.0,0.05,0.3076923076923077,0.0,0.1111111111111111,0.0,0.047619047619047616,0.0,
173,2020-07-13,0.014507154213036565,0.009111617312072893,,0.02373887240356083,0.02564102564102564,0.012195121951219513,0.014687100893997445,,0.0,0.0,0.09090909090909091,0.018518518518518517,0.00425531914893617,0.0,0.05555555555555555,0.047619047619047616,0.0
174,2020-07-14,0.017143731823052198,0.012048192771084338,,0.017023346303501944,0.029411764705882353,0.005847953216374269,0.018217306441119064,,0.0,0.0,0.027777777777777776,0.034236804564907276,0.005706134094151213,,0.0,0.043478260869565216,
175,2020-07-15,0.01357751815598358,0.0,,0.004761904761904762,0.009615384615384616,0.017557251908396947,0.015037593984962405,,0.0,0.0,0.017241379310344827,0.0,0.009345794392523364,0.0,0.037037037037037035,0.0,
176,2020-07-16,0.020337814546708032,0.02072538860103627,,0.025078369905956112,0.013774104683195593,0.022840119165839126,0.047619047619047616,,0.0,0.0,0.0,0.011494252873563218,0.00980392156862745,0.0,0.05,0.2,
177,2020-07-17,0.024474850645596454,0.021673690547862733,0.043478260869565216,0.028700906344410877,0.00641025641025641,0.015432098765432098,0.03409090909090909,,0.0,0.0,0.07142857142857142,0.00625,0.023255813953488372,0.0,0.05555555555555555,0.0,
178,2020-07-18,0.023379819524200166,0.0132404181184669,0.0,0.043795620437956206,0.014492753623188406,0.04807692307692308,0.03508771929824561,,0.0,0.04878048780487805,0.0,0.021739130434782608,0.05405405405405406,0.0,0.0,0.0,
179,2020-07-19,0.012106537530266344,0.01483679525222552,0.0,0.02127659574468085,0.0034129692832764505,0.009575923392612859,0.0,,0.0,0.027777777777777776,0.0,0.008620689655172414,0.04,,0.047619047619047616,0.0,0.0
180,2020-07-20,0.02224239673172946,0.007712082262210797,,0.012482662968099861,0.013761467889908258,0.015,0.0,0.0,0.0,0.0,0.0,0.02680965147453083,0.017241379310344827,,0.14285714285714285,0.0,
181,2020-07-21,0.03704907377315567,0.0472972972972973,,0.009746588693957114,0.006369426751592357,0.009345794392523364,0.013824884792626729,,,0.02631578947368421,0.4,0.007334963325183374,0.0,0.0,0.17307692307692307,0.0,0.0
182,2020-07-22,0.03030975907627401,0.05733005733005733,0.0,0.026435474701534963,0.09917355371900827,0.035897435897435895,0.01807980049875312,0.0,0.0,0.08396946564885496,0.04,0.018633540372670808,0.0,,0.09302325581395349,,0.0
183,2020-07-23,0.026418185541675198,0.018315018315018316,0.0,0.016550987720234916,0.16260162601626016,0.017985611510791366,0.011400651465798045,,0.0,0.09114583333333333,0.0,0.015267175572519083,0.0,0.0,0.1111111111111111,0.0,0.0
184,2020-07-24,0.024572969733293377,0.0202122283981809,0.0,0.006779661016949152,0.03488372093023256,0.010638297872340425,0.013490725126475547,,0.0,0.09380234505862646,0.05,0.013227513227513227,0.0,0.0,0.12903225806451613,0.0,0.0
185,2020-07-25,0.02080968596292092,0.013918629550321198,0.0,0.018367346938775512,0.04225352112676056,0.014010507880910683,0.04201680672268908,0.0,1.0,0.07792207792207792,0.037037037037037035,0.026881720430107527,0.029850746268656716,,0.0,0.0,0.0
186,2020-07-26,0.018946395563770795,0.014056224899598393,0.0,0.02262443438914027,0.03225806451612903,0.04838709677419355,0.008928571428571428,,,0.05555555555555555,0.0,0.016260162601626018,0.0,0.0,0.1875,0.0,
187,2020-07-27,0.018262313226342003,0.015458937198067632,0.0,0.008547008547008548,0.022727272727272728,0.0052173913043478265,0.0,,,0.042105263157894736,0.043859649122807015,0.03382663847780127,0.05263157894736842,,0.15789473684210525,0.0,
188,2020-07-28,0.011560693641618497,0.013962765957446808,0.0,0.004048582995951417,0.015957446808510637,0.015706806282722512,0.007531380753138075,0.0,0.0,0.03048780487804878,0.01834862385321101,0.017045454545454544,0.0,,0.04132231404958678,,0.0
189,2020-07-29,0.01408016443987667,0.011732229123533472,,0.0054811205846528625,0.0273972602739726,0.014563106796116505,0.015682656826568265,,0.0,0.03389830508474576,0.13636363636363635,0.05102040816326531,0.045454545454545456,0.0,0.0260950605778192,,0.5
190,2020-07-30,0.014881370209181524,0.015444015444015444,0.0,0.008919202518363064,0.01532567049808429,0.02142857142857143,0.014342235410484669,0.0,0.0,0.01968503937007874,0.046511627906976744,0.01646090534979424,0.0,,0.025032938076416336,,
191,2020-07-31,0.014359351988217967,0.025,0.024,0.009174311926605505,0.011467889908256881,0.012102874432677761,0.01282051282051282,,0.01282051282051282,0.028169014084507043,0.03225806451612903,0.021739130434782608,0.016216216216216217,0.0,0.04081632653061224,,0.0
192,2020-08-01,0.010362694300518135,0.037037037037037035,0.0,0.024054982817869417,0.008045052292839904,0.007874015748031496,0.007168458781362007,0.0,0.0,0.012903225806451613,0.0,0.0,0.02631578947368421,,0.0,0.0,
193,2020-08-02,0.016346153846153847,0.0,0.0,0.018018018018018018,0.013461538461538462,0.03278688524590164,0.014150943396226415,0.0,0.0,0.01694915254237288,0.0,0.02040816326530612,0.05,,0.0,,0.0
194,2020-08-03,0.0223463687150838,0.0,0.0,0.007692307692307693,0.01845018450184502,0.019230769230769232,0.034229828850855744,,0.0,0.03125,0.1111111111111111,0.0,0.022727272727272728,,0.046875,,0.0
195,2020-08-04,0.020014169323414807,0.026600985221674877,0.0,0.015873015873015872,0.011363636363636364,0.0028328611898017,0.017543859649122806,0.0,0.0,0.024,0.014124293785310734,0.06923076923076923,0.02702702702702703,0.0,0.0,0.0,0.0
196,2020-08-05,0.012596899224806201,0.014693534844668345,0.0,0.007268951194184839,0.007407407407407408,0.019801980198019802,0.008274231678486997,,0.0,0.046153846153846156,0.0,0.0,0.014492753623188406,0.0,0.027777777777777776,,0.0
197,2020-08-06,0.012918853451756156,0.018083182640144666,0.0,0.008898776418242492,0.0,0.07142857142857142,0.009523809523809525,,0.0,0.04938271604938271,0.0,0.01834862385321101,0.0,0.0,0.08108108108108109,,0.012422360248447204
198,2020-08-07,0.012741471434443074,0.007537688442211055,0.0,0.01675977653631285,0.002849002849002849,0.0,0.014492753623188406,,0.0,0.022727272727272728,0.0,0.05714285714285714,0.029850746268656716,,0.08695652173913043,0.0,0.0392156862745098
199,2020-08-08,0.014065335753176044,0.015503875968992248,0.0,0.016216216216216217,0.006535947712418301,0.023404255319148935,0.0,,0.0,0.0,0.011834319526627219,0.0,0.0,0.0,0.0,0.0,0.0
200,2020-08-09,0.015442037470725995,0.014245014245014245,,0.046242774566473986,0.0106951871657754,0.030612244897959183,0.0,,0.0,0.0,0.0,0.027237354085603113,0.0,,0.15384615384615385,0.0,0.0
201,2020-08-10,0.013151714419915453,0.01311131506490101,0.0,0.009900990099009901,0.010752688172043012,0.025,0.0,,0.0,0.14285714285714285,0.08333333333333333,0.007662835249042145,0.0,,0.02857142857142857,,0.0
202,2020-08-11,0.014957594448727834,0.01098901098901099,,0.012115563839701771,0.0,0.02586206896551724,0.015249266862170088,0.0,0.0,0.125,0.15789473684210525,0.0175054704595186,0.02364864864864865,0.0,0.06779661016949153,,0.0
203,2020-08-12,0.008918094344050692,0.009380863039399626,,0.007722007722007722,0.012307692307692308,0.0,0.0075046904315197,,0.0,0.0,0.0,0.008717310087173101,0.031746031746031744,,0.0,0.0,0.0
204,2020-08-13,0.015287470920571618,0.012706480304955527,,0.02786377708978328,0.014669926650366748,0.032520325203252036,0.025423728813559324,0.0,,0.0,0.13333333333333333,0.005197505197505198,0.02127659574468085,0.0,0.0,0.0,0.03571428571428571
205,2020-08-14,0.010007698229407237,0.004405286343612335,0.0,0.01929260450160772,0.012578616352201259,0.004291845493562232,0.016,,0.0,0.009615384615384616,0.0,0.011025358324145534,0.0,0.0,0.07692307692307693,0.0,0.0
206,2020-08-15,0.016175621028307337,0.015503875968992248,,0.029411764705882353,0.01483679525222552,0.0,0.0,0.0,0.0,0.012048192771084338,0.2222222222222222,0.021739130434782608,0.0,0.0,0.08333333333333333,0.0,
207,2020-08-16,0.02054442732408834,0.013157894736842105,,0.0425531914893617,0.016666666666666666,0.0,0.0195822454308094,,,0.2,0.4,0.023391812865497075,0.02127659574468085,0.0,0.10526315789473684,,0.0
208,2020-08-17,0.02011963023382273,0.011299435028248588,,0.0,0.04807692307692308,0.0,0.025735294117647058,,0.0,0.0,0.0,0.041666666666666664,0.021897810218978103,,0.1875,,0.0
209,2020-08-18,0.06426041490976556,0.08201603665521191,0.0,0.01278772378516624,0.0081799591002045,0.007575757575757576,0.034482758620689655,0.0,,0.0,0.0,0.016611295681063124,0.036231884057971016,0.0,0.0,0.0,
210,2020-08-19,0.04246100519930676,0.0359375,,0.1388888888888889,0.06206896551724138,0.012658227848101266,0.030303030303030304,,,0.0,0.0,0.030612244897959183,0.03125,,0.0,0.0,
211,2020-08-20,0.022871664548919948,0.02040816326530612,,0.043478260869565216,0.0,0.023809523809523808,0.03125,,0.0,0.0,0.0,0.06,0.0,0.0,0.0,,1.0
212,2020-08-21,0.013230429988974642,0.008264462809917356,,0.0,0.04285714285714286,0.013986013986013986,0.0,,,0.0,0.1,0.009433962264150943,0.0,0.0,0.0,1.0,
213,2020-08-22,0.012026458208057728,0.013157894736842105,,0.0,0.013157894736842105,0.012016021361815754,0.045454545454545456,,,0.0,0.2727272727272727,0.01694915254237288,0.0,0.0,0.125,,
214,2020-08-23,0.02540192926045016,0.02700675168792198,0.04938271604938271,0.06982758620689655,0.010101010101010102,0.0,0.025069637883008356,0.0,0.0,0.0,0.0,0.08108108108108109,0.005202526941657376,,0.07692307692307693,0.0,
215,2020-08-24,0.05029187247418051,0.05012636899747262,0.07741935483870968,0.06020066889632107,0.0,0.04936305732484077,0.034482758620689655,,0.0,0.0,0.0,0.0,0.0,0.0,0.14285714285714285,,
216,2020-08-25,0.06053811659192825,0.02766798418972332,0.0,0.027972027972027972,0.016129032258064516,0.015060240963855422,0.1590909090909091,,0.0,0.0,0.0,0.011904761904761904,0.0,,0.0,,
217,2020-08-26,0.04788732394366197,0.026785714285714284,0.0,0.06382978723404255,0.01694915254237288,0.013333333333333334,0.19760479041916168,,0.0,0.0,0.022222222222222223,0.013513513513513514,0.0,0.009345794392523364,0.2222222222222222,0.0,0.0
218,2020-08-27,0.03291608715808994,0.03442340791738382,0.5,0.0,0.006172839506172839,0.043478260869565216,0.07692307692307693,0.0,,0.0,0.0,0.0625,0.0,0.013157894736842105,0.07142857142857142,,0.0
219,2020-08-28,0.028023149558330795,0.030113414157215485,1.0,0.013745704467353952,0.04878048780487805,0.0,0.07692307692307693,,,0.0,0.0,0.037037037037037035,0.0,0.0,0.0,,
220,2020-08-29,0.02617801047120419,0.03319502074688797,0.0,0.006802721088435374,0.0,0.0,0.038461538461538464,,0.0,0.0,0.18181818181818182,0.0,0.0,,,,
221,2020-08-30,0.027114967462039046,0.037037037037037035,,0.01,0.01694915254237288,0.0,0.021052631578947368,,0.0,0.0,0.2222222222222222,0.05128205128205128,0.0,0.0,0.16666666666666666,,
222,2020-08-31,0.017123287671232876,0.03125,,0.021739130434782608,0.0,0.01240694789081886,0.03724928366762178,,0.0,0.0,0.0,0.0,0.0,0.0,0.0,,
223,2020-09-01,0.01443298969072165,0.03404255319148936,,0.0,0.006666666666666667,0.006872852233676976,0.015384615384615385,0.0,,0.0,0.5,0.0,0.0,0.0,0.03184713375796178,0.0,
224,2020-09-02,0.02700457000415455,0.01818181818181818,,0.024844720496894408,0.023255813953488372,0.027092113184828417,0.04285714285714286,,0.0,0.0,0.09090909090909091,0.01675977653631285,0.2,,0.04,0.04,
225,2020-09-03,0.014942528735632184,0.02830188679245283,0.0,0.006839945280437756,0.0,0.033003300330033,0.06521739130434782,,,0.0,0.042704626334519574,0.009981515711645102,0.125,,0.09302325581395349,0.0,
226,2020-09-04,0.026159334126040427,0.05194805194805195,0.0,0.02040816326530612,0.018518518518518517,0.034782608695652174,0.035897435897435895,,0.0,0.0,0.08333333333333333,0.010309278350515464,0.0,,0.058823529411764705,0.0,0.0
227,2020-09-05,0.009188361408882083,0.0,0.0,0.009615384615384616,0.008086253369272238,0.002898550724637681,0.02617801047120419,0.0,,0.0,0.0,0.0,0.0,0.0,0.037037037037037035,0.0,0.0
228,2020-09-06,0.010198604401502952,0.00999259807549963,0.0,0.006134969325153374,0.011235955056179775,0.03125,0.0,,,0.0,0.0,0.0,0.0,,0.14285714285714285,0.0,
229,2020-09-07,0.01335240820219361,0.013513513513513514,0.0,0.0,0.0273972602739726,0.0,0.0196078431372549,,0.0,0.0,0.1,0.0,0.0,,0.0,,
230,2020-09-08,0.01962457337883959,0.00510204081632653,0.03496503496503497,0.007246376811594203,0.02040816326530612,0.024539877300613498,0.0,,,0.02040816326530612,0.125,0.0,0.0,0.0,0.0,,0.0
231,2020-09-09,0.028001442134358852,0.04491725768321513,0.05223880597014925,0.024962178517397883,0.0,0.010407632263660017,0.02448021462105969,,,0.0,0.0,0.021739130434782608,0.0,0.0,0.0,,0.040955631399317405
232,2020-09-10,0.033836416747809156,0.03345425231761386,0.0,0.0351288056206089,0.022770398481973434,0.03291814946619217,0.04479283314669653,0.0,,0.02702702702702703,0.0,0.043478260869565216,0.0,,0.125,0.0,0.023809523809523808
233,2020-09-11,0.028311176760216644,0.03737259343148358,0.028169014084507043,0.032846715328467155,0.020833333333333332,0.029045643153526972,0.0847457627118644,0.0,0.0,0.0,0.1111111111111111,0.009259259259259259,0.0,,0.0,0.0,0.0
234,2020-09-12,0.02342786683107275,0.0330188679245283,0.0,0.01639344262295082,0.006756756756756757,0.024,0.0,0.0,0.0,0.0,0.0,0.022900763358778626,0.0,0.0,0.4,0.0,0.6666666666666666
235,2020-09-13,0.03015075376884422,0.04918032786885246,0.0,0.016,0.017391304347826087,0.011235955056179775,0.08333333333333333,0.0,,0.0,0.1111111111111111,0.041666666666666664,0.0,,0.0,0.0,0.06666666666666667
236,2020-09-14,0.03128258602711158,0.062111801242236024,0.0,0.0,0.012903225806451613,0.009404388714733543,0.1,0.0,0.0,0.0,0.0,0.0,0.0,0.0,0.1111111111111111,0.0,0.0625
237,2020-09-15,0.018306636155606407,0.04580152671755725,0.0,0.007853403141361256,0.01694915254237288,0.010845986984815618,0.16,0.0,0.07692307692307693,0.0,0.1,0.0,0.0,,0.0,0.0,0.0
238,2020-09-16,0.111875,0.13120494335736355,0.0,0.013392857142857142,0.02926829268292683,0.01466275659824047,0.15384615384615385,0.0,0.11904761904761904,0.0,0.2,0.0,0.08333333333333333,0.0,0.0,0.0,0.0
239,2020-09-17,0.03325744023418442,0.08493008803728638,,0.004903883876029816,0.031746031746031744,0.01200800533689126,0.0,,0.13861386138613863,0.0,0.0,0.01386481802426343,0.0,0.0,0.0,0.0,0.0103359173126615
240,2020-09-18,0.05585629921259842,0.10161542470036478,,0.015296367112810707,0.02247191011235955,0.005649717514124294,0.0,0.0,0.0,0.1111111111111111,0.0,0.03773584905660377,0.0,0.0,0.0,0.0,0.1
241,2020-09-19,0.04709936817920735,0.08788282290279627,0.0,0.005825242718446602,0.02005730659025788,0.03125,0.125,0.0,1.0,0.0,0.0,0.038461538461538464,,,0.0,0.0,0.0
242,2020-09-20,0.033449477351916376,0.10215053763440861,,0.010752688172043012,0.035381750465549346,0.011627906976744186,0.018971848225214197,,0.25,0.5,0.0,0.07142857142857142,0.0,0.0,0.0,,0.0
243,2020-09-21,0.0346751693901953,0.09477124183006536,,0.019011406844106463,0.03910614525139665,0.023622047244094488,0.026657552973342446,,0.0,0.0,0.0,0.038461538461538464,0.0,0.0,0.0,0.0,
244,2020-09-22,0.018618618618618618,0.02012578616352201,,0.0040609137055837565,0.038817005545286505,0.010869565217391304,0.017543859649122806,0.0,0.0,0.0,0.3333333333333333,0.02179379715004191,0.0,,0.125,,
245,2020-09-23,0.026140894993354008,0.015267175572519083,0.0,0.008620689655172414,0.024350649350649352,0.04598490048043926,0.0,0.0,0.0,0.0,0.125,0.016666666666666666,0.0,,0.0,0.0,
246,2020-09-24,0.02203856749311295,0.016666666666666666,,0.0,0.018518518518518517,0.05,0.04,,0.0,0.0,0.09090909090909091,0.0,0.0,,0.0,,
247,2020-09-25,0.06555863342566944,0.03125,,0.0,0.03571428571428571,0.1323943661971831,0.025,0.3333333333333333,0.0,0.0,0.0,0.03217821782178218,0.0,0.0,0.125,,0.0
248,2020-09-26,0.0392156862745098,0.06557377049180328,,0.018867924528301886,0.03571428571428571,0.04918032786885246,0.08333333333333333,0.0,0.0,,0.0,0.029411764705882353,,0.0,0.0,,
249,2020-09-27,0.027649769585253458,0.037383177570093455,0.0,0.0,0.0,0.08888888888888889,0.0,0.0,0.0,0.0,0.0,0.020618556701030927,0.0,0.0,0.18181818181818182,,
250,2020-09-28,0.018363939899833055,0.011494252873563218,,0.0,0.0,0.0,0.0,,0.0,0.06896551724137931,0.0,0.02127659574468085,0.13333333333333333,,0.0,0.016260162601626018,
251,2020-09-29,0.01747997086671522,0.05454545454545454,,0.0,0.07692307692307693,0.0,0.014314928425357873,0.0,0.0,0.015384615384615385,0.16666666666666666,0.014492753623188406,0.0,,0.05555555555555555,0.0625,
252,2020-09-30,0.024886877828054297,0.03225806451612903,,0.01639344262295082,0.05204460966542751,0.0,0.05555555555555555,,0.0,0.0273972602739726,0.0,0.0,0.0,,0.0,,
253,2020-10-01,0.009942004971002486,0.046511627906976744,,0.009009009009009009,0.0,0.001584786053882726,0.0,0.0,0.0,0.0,0.0,0.026143790849673203,0.0,,0.0,0.0,
254,2020-10-02,0.01949919337869117,0.021179641871510172,0.019933554817275746,0.013002481389578165,0.025360088637203005,0.020186335403726708,0.017715112075198842,,0.006944444444444444,0.016181229773462782,0.022900763358778626,0.020833333333333332,0.0,0.019522776572668113,0.0,0.0,0.0
255,2020-10-03,0.01916376306620209,0.02389705882352941,0.009868421052631578,0.013422818791946308,0.020833333333333332,0.020842572062084258,0.016458196181698487,,0.028688524590163935,0.0163265306122449,0.0,0.05,0.0,0.0,0.13043478260869565,0.0,0.0
256,2020-10-04,0.013901318537080126,0.012816778327993009,0.061224489795918366,0.014967259120673527,0.023391812865497075,0.010590311825848206,0.0266798418972332,,0.017241379310344827,0.015873015873015872,0.25,0.04,,0.0,0.034482758620689655,0.0,0.0
257,2020-10-05,0.012713602187286397,0.010841654778887305,0.0,0.010565312843029638,0.037037037037037035,0.016343825665859565,0.025,,0.045454545454545456,0.0,0.14285714285714285,0.08333333333333333,0.05555555555555555,,0.045454545454545456,0.0,0.0
258,2020-10-06,0.014440741690164915,0.017549423829157418,0.0,0.0075794226737622965,0.023529411764705882,0.011098779134295227,0.0,,0.07692307692307693,0.16666666666666666,0.040632054176072234,0.1,0.0,0.0,0.07407407407407407,0.0,
259,2020-10-07,0.012072167683735738,0.011103236475313017,0.02197802197802198,0.00976884975233902,0.021212121212121213,0.016695957820738138,0.0,0.0,0.018018018018018018,0.0,0.02857142857142857,0.0,0.0,,0.0,0.015128593040847202,
260,2020-10-08,0.07989428745680016,0.21455287317239036,0.014705882352941176,0.0068762278978389,0.022135416666666668,0.020496224379719527,0.0425531914893617,,0.0,0.0,0.1,0.018469656992084433,,,0.1,0.0,0.0398406374501992
261,2020-10-09,0.02103384042222912,0.04477611940298507,0.0,0.010343206393982134,0.030534351145038167,0.012287334593572778,0.011452130096197893,,0.0,,0.14285714285714285,0.012674271229404309,0.125,,0.14285714285714285,0.0,0.0
262,2020-10-10,0.0241319694568506,0.027639507466596804,0.0,0.009389671361502348,0.02044392523364486,0.024026910139356077,0.022304832713754646,,0.0,0.0,0.0,0.01692420897718911,0.0,0.0,0.0,0.0,0.0
263,2020-10-11,0.024505811801288222,0.02991283676703645,0.0,0.004166666666666667,0.02672530446549391,0.02097902097902098,0.017480211081794195,,0.0,0.0,0.5,0.01892744479495268,0.5,,0.1111111111111111,0.3333333333333333,
264,2020-10-12,0.02126099706744868,0.028814359943316013,0.0,0.008200922603792926,0.02517162471395881,0.027739251040221916,0.02819548872180451,,0.0,0.0,0.0,0.01282051282051282,0.07692307692307693,,0.0,0.0,
265,2020-10-13,0.01784776902887139,0.013677811550151976,0.0,0.01444043321299639,0.025925925925925925,0.01411764705882353,0.023109243697478993,,0.0,0.0,0.0,0.018867924528301886,0.047619047619047616,0.0,0.07692307692307693,0.01639344262295082,0.0
266,2020-10-14,0.030851063829787233,0.04066985645933014,0.0,0.011235955056179775,0.03260869565217391,0.017857142857142856,0.03225806451612903,,0.0,0.0,0.0,0.02666666666666667,0.0,,0.14285714285714285,0.0,
267,2020-10-15,0.024922118380062305,0.019943019943019943,,0.02531645569620253,0.07692307692307693,0.03333333333333333,0.0136986301369863,,0.0,0.0,0.0,0.030303030303030304,0.0,,0.0,0.0,0.0
268,2020-10-16,0.04398826979472141,0.06593406593406594,,0.0,0.0,0.0,0.0,,0.0,0.0,0.0,0.10526315789473684,0.0,,0.1,,
269,2020-10-17,0.022388059701492536,0.03508771929824561,,0.02631578947368421,0.0,0.0,0.0,0.0,0.0,0.0,0.0,0.0,,,0.0625,0.0,
270,2020-10-18,0.02564102564102564,0.04081632653061224,,0.05,0.0,0.0,0.0,1.0,0.0,0.0,0.3333333333333333,0.0,,,0.0,0.0,
271,2020-10-19,0.0380952380952381,0.07142857142857142,,0.0,0.0,0.05,0.027777777777777776,,0.0,0.0,0.0,0.0,0.0,,0.07142857142857142,0.0,
272,2020-10-20,0.027932960893854747,0.0,,0.0,0.0,0.0625,0.0392156862745098,0.0,0.0,0.0,0.0,0.0,0.0,,0.11764705882352941,,
273,2020-10-21,0.03870967741935484,0.02857142857142857,,0.0,0.0,0.07692307692307693,0.030303030303030304,,0.0,0.5,0.0,0.1,0.0,,0.0,0.0,
274,2020-10-22,0.05714285714285714,0.06,,0.0,0.07692307692307693,0.08333333333333333,0.07692307692307693,0.0,0.0,0.0,0.16666666666666666,0.058823529411764705,,,0.0,0.0,
275,2020-10-23,0.0547945205479452,0.10526315789473684,,0.0,0.0,0.0,0.047619047619047616,0.0,,0.0,0.0,0.0,0.0,,0.17647058823529413,0.0,
276,2020-10-24,0.037037037037037035,0.0625,0.0,0.14285714285714285,0.0,0.0,0.0,,,,0.125,0.0,,,0.05,0.0,
277,2020-10-25,0.030303030303030304,0.04,,0.1,0.0625,0.0,0.038461538461538464,,0.0,0.0,0.0,0.0,0.0,,0.0,0.0,
278,2020-10-26,0.018518518518518517,0.021739130434782608,0.0,0.0,0.0,0.06666666666666667,0.0,,0.0,0.0,0.0,0.0,,,0.047619047619047616,,
279,2020-10-27,0.02962962962962963,0.0,,0.0,0.07142857142857142,0.0,0.038461538461538464,,0.0,0.0,0.2,0.0,0.0,0.0,0.045454545454545456,0.0,
280,2020-10-28,0.04487179487179487,0.03225806451612903,,0.0,0.045454545454545456,0.0625,0.0,,0.0,0.0,0.0,0.1875,0.0,,0.041666666666666664,0.0,
281,2020-10-29,0.040268456375838924,0.02702702702702703,,0.0,0.07692307692307693,0.09090909090909091,0.0,,0.0,0.0,0.25,0.09090909090909091,0.0,,0.0,,
282,2020-10-30,0.046357615894039736,0.03225806451612903,,0.0,0.06060606060606061,0.0,0.0625,,0.3333333333333333,,0.2,0.0,0.0,,0.058823529411764705,,
283,2020-10-31,0.06,0.13513513513513514,,0.0,0.09090909090909091,0.0,0.0,,0.0,0.0,0.0,0.03225806451612903,0.0,,0.037037037037037035,,0.5
284,2020-11-01,0.03676470588235294,0.0625,,0.0,0.0,0.0,0.13333333333333333,,0.0,,0.0,0.0,0.0,,0.0,,0.0
285,2020-11-02,0.04285714285714286,0.04878048780487805,,0.0,0.07692307692307693,0.0,0.0,0.0,0.0,0.0,0.0,0.0,0.14285714285714285,,0.14285714285714285,,
286,2020-11-03,0.046153846153846156,0.02857142857142857,,0.21428571428571427,0.10526315789473684,0.0,0.0,,0.0,0.0,0.0,0.0,0.0,,0.0,0.0,
287,2020-11-04,0.04225352112676056,0.05,,0.0,0.0,0.125,0.16666666666666666,,,0.0,0.0,0.0,,,0.0,,
288,2020-11-05,0.042105263157894736,0.12,,0.0,0.0,0.16666666666666666,0.0,0.0,0.0,,0.0,0.0,0.0,,0.0,,
289,2020-11-06,0.05128205128205128,0.0,,0.0,0.0,0.125,0.058823529411764705,,,0.0,0.0,0.09090909090909091,0.0,,0.09090909090909091,0.0,
290,2020-11-07,0.0625,0.043478260869565216,,0.0,0.18181818181818182,0.0,0.08333333333333333,,0.0,0.0,0.16666666666666666,0.0,,,0.0,,
291,2020-11-08,0.07865168539325842,0.11764705882352941,,0.0,0.09090909090909091,0.16666666666666666,0.0,,0.0,,0.0,0.09090909090909091,0.0,,0.0,,
292,2020-11-09,0.04504504504504504,0.07407407407407407,,0.0,0.0,0.0,0.07692307692307693,,0.0,0.0,0.25,0.0,0.0,,0.07142857142857142,,
293,2020-11-10,0.044642857142857144,0.030303030303030304,,0.0,0.08333333333333333,0.0,0.0,,,,0.25,0.0,0.0,,0.0,0.0,
294,2020-11-11,0.03296703296703297,0.10714285714285714,,0.0,0.0,0.0,0.0,,0.0,0.0,0.0,0.0,0.0,,0.0,0.0,
295,2020-11-12,0.034482758620689655,0.06666666666666667,,0.0,0.0,0.18181818181818182,0.0,,0.0,0.0,0.0,0.0,0.0,,0.0,0.0,
296,2020-11-13,0.03418803418803419,0.09375,,0.0,0.0,0.0,0.0,,0.0,0.0,0.14285714285714285,0.0,,0.0,0.0,0.0,
297,2020-11-14,0.02,0.0,,0.0,0.0,0.0,0.0,0.0,0.0,0.0,0.0,0.0,,,0.2857142857142857,,
298,2020-11-15,0.0392156862745098,0.11764705882352941,,0.0,0.0,0.0,0.0,,0.0,0.0,0.0,0.0,0.0,,0.0,0.0,
299,2020-11-16,0.03968253968253968,0.022222222222222223,,0.0,0.1111111111111111,0.09090909090909091,0.0,,0.0,0.0,0.16666666666666666,0.0,0.0,0.0,0.0,0.0,
300,2020-11-17,0.041666666666666664,0.058823529411764705,0.0,0.06666666666666667,0.0,0.25,0.0,,0.0,0.0,0.09090909090909091,0.0,0.0,,0.0,,0.0
301,2020-11-18,0.028985507246376812,0.08571428571428572,,0.0,0.0,0.0,0.0,,0.0,0.0,0.0,0.0,0.0,,0.07142857142857142,0.0,
302,2020-11-19,0.059322033898305086,0.13333333333333333,,0.0,0.038461538461538464,0.0,0.0,,0.0,,0.0,0.08695652173913043,0.0,,0.0,,
303,2020-11-20,0.015873015873015872,0.02702702702702703,,0.0,0.041666666666666664,0.0,0.0,,0.0,0.0,0.0,0.0,,,0.0,,
304,2020-11-21,0.050724637681159424,0.08,,0.0,0.037037037037037035,0.0,0.125,,,0.0,0.0,0.0,0.0,,0.1,,
305,2020-11-22,0.05660377358490566,0.1111111111111111,,0.0,0.058823529411764705,0.0,0.25,0.0,0.0,0.0,0.0,0.0,0.0,,0.0,,
306,2020-11-23,0.042105263157894736,0.08,,0.0,0.08333333333333333,0.0,0.0,,0.0,0.0,0.0,0.0,0.0,,0.1111111111111111,0.0,
307,2020-11-24,0.043010752688172046,0.0,,0.0,0.07142857142857142,0.0,0.1,,0.0,0.0,0.0,0.09523809523809523,0.0,,0.0,0.0,
308,2020-11-25,0.02631578947368421,0.0,,0.0,0.1111111111111111,0.0,0.0,,0.0,0.0,0.5,0.0,0.0,0.0,0.0,,
309,2020-11-26,0.023529411764705882,0.05555555555555555,,0.0,0.0,0.0,0.0,,0.0,0.0,0.0,0.06666666666666667,,0.0,0.0,,
310,2020-11-27,0.013333333333333334,0.045454545454545456,,0.0,0.0,0.0,0.0,,0.0,0.0,0.0,0.0,0.0,,0.0,,
311,2020-11-28,0.013888888888888888,0.0,,0.0,0.05555555555555555,0.0,0.0,,0.0,,0.0,0.0,0.0,0.0,0.0,,
312,2020-11-29,0.011627906976744186,0.0,,0.14285714285714285,0.0,0.0,0.0,,0.0,0.0,0.0,0.0,0.0,,0.0,0.0,
313,2020-11-30,0.01282051282051282,0.0,,0.0,0.0,0.0,0.0,,0.0,0.0,0.0,0.125,0.0,,0.0,0.0,
314,2020-12-01,0.056818181818181816,0.058823529411764705,,0.0,0.0,0.14285714285714285,0.0,,,0.0,0.25,0.15384615384615385,0.0,0.0,0.0,0.0,
315,2020-12-02,0.0,0.0,,0.0,0.0,0.0,0.0,,0.0,0.0,0.0,0.0,0.0,,0.0,,
316,2020-12-03,0.02857142857142857,0.0,,0.0,0.0,0.06666666666666667,0.07692307692307693,0.0,0.0,0.0,0.25,0.0,0.0,,0.0,0.0,
317,2020-12-04,0.058823529411764705,0.2,0.0,0.0,0.0,0.0,0.1111111111111111,,0.0,0.0,0.0,0.0,0.0,,0.2857142857142857,,
318,2020-12-05,0.029850746268656716,0.0,,0.0,0.0625,0.0,0.14285714285714285,,0.0,0.0,0.0,0.0,0.0,,0.0,0.0,
319,2020-12-06,0.033707865168539325,0.0,,0.0,0.038461538461538464,0.0,0.1,,0.0,0.0,0.0,0.06666666666666667,,0.0,0.0,0.0,
320,2020-12-07,0.03296703296703297,0.0,,0.0,0.0,0.0,0.16666666666666666,,0.0,0.0,0.0,0.0,0.0,,0.2222222222222222,0.0,
321,2020-12-08,0.007352941176470588,0.125,,0.0,0.0,0.0,0.0,0.0,0.0,0.0,0.0,0.0,0.0,,0.0,0.0,
322,2020-12-09,0.008064516129032258,0.2,,0.0,0.0,0.0,0.0,,0.0,0.0,0.0,0.0,0.0,,0.0,,
323,2020-12-10,0.0,0.0,,0.0,0.0,0.0,0.0,,0.0,0.0,0.0,0.0,,,0.0,,
324,2020-12-11,0.020833333333333332,0.0,,0.0,0.0,,,0.0,0.0,0.3333333333333333,0.0,,0.0,,0.0,,
325,2020-12-12,0.0,,,,,,,,0.0,,,,0.0,,0.0,,
326,2020-12-13,0.0,,,,,,,0.0,,,,,0.0,,0.0,,
